{"el": {"dev_BLEX": [1.539017442058281, 3.952472491157954], "dev_CLAS": [1.4546737963627763, 4.705108818438309], "dev_LAS": [1.417534385471851, 4.66062415149079], "dev_Lemmas": [1.622627658207606, 3.522744063115305], "dev_MLAS": [1.5964127575545155, 4.133529393228706], "dev_UAS": [1.3916769014243455, 4.828255850706033], "dev_UPOS": [1.5008256981863395, 3.7860201008107075]}, "en": {"dev_BLEX": [1.726040894877997, 2.6874815033353765], "dev_CLAS": [1.717555010839376, 2.655421754328486], "dev_LAS": [1.6791469525567289, 2.860654161267659], "dev_Lemmas": [1.6358199858894837, 3.3412817820296286], "dev_MLAS": [1.7671570214182108, 2.7544644602604786], "dev_UAS": [1.6504745132822594, 2.824968649261471], "dev_UPOS": [1.6837624840772847, 3.5616962824562513]}, "fa": {"dev_BLEX": [1.7913147968943872, 3.4605384687233003], "dev_CLAS": [1.7886519926372397, 3.8799131830922433], "dev_LAS": [1.732026741347583, 3.5554696484765076], "dev_Lemmas": [1.7184640474058355, 2.655957001953186], "dev_MLAS": [1.7582201439027556, 3.4091741293087368], "dev_UAS": [1.7153431941342174, 3.8111509936798265], "dev_UPOS": [1.6052850186565704, 3.341382460100447]}, "he": {"dev_BLEX": [1.615364333348079, 5.131519848334313], "dev_CLAS": [1.5477619274799221, 5.469942406192247], "dev_LAS": [1.4782342541612543, 5.094895749789773], "dev_Lemmas": [1.8093660440528818, 6.112841901256163], "dev_MLAS": [1.616701510098082, 5.217630658754569], "dev_UAS": [1.4291882258918909, 5.618829749686321], "dev_UPOS": [1.446529707408475, 3.4544444332290296]}, "id": {"dev_BLEX": [1.3421243023937364, 2.855181706407483], "dev_CLAS": [1.2129275490048674, 4.105695566437828], "dev_LAS": [1.1987912245843981, 4.099647240325537], "dev_Lemmas": [2.238883382258394, 1.4629396362107963], "dev_MLAS": [1.2245106267151078, 4.258343569818077], "dev_UAS": [1.125493369896684, 4.861738499194764], "dev_UPOS": [1.3325259443163948, 3.4825763075358447]}, "ja": {"dev_BLEX": [1.1157894919774176, 5.731424974241535], "dev_CLAS": [1.0542547401846905, 12.797022724371732], "dev_LAS": [1.044722509688899, 13.220247120145839], "dev_Lemmas": [1.4514373686633883, 2.1059663430478723], "dev_MLAS": [1.262977345628068, 3.3946853129346897], "dev_UAS": [1.0426530851819897, 13.743903212383316], "dev_UPOS": [1.6993300797933504, 2.1061112895189567]}, "ko": {"dev_BLEX": [1.8301342714132116, 2.1564222613029336], "dev_CLAS": [1.8481136236029188, 2.3054522835102], "dev_LAS": [1.8405661082190934, 2.1963970647036186], "dev_Lemmas": [1.5467882290933128, 2.0133459407645184], "dev_MLAS": [1.8288986718972218, 2.4231239731772276], "dev_UAS": [1.839495773028843, 2.2238100113499515], "dev_UPOS": [1.6301675982163046, 3.368348093760154]}, "ru": {"dev_BLEX": [1.75018006821185, 2.9965892710128514], "dev_CLAS": [1.6601297057467843, 3.3846701481115544], "dev_LAS": [1.6321982641979025, 3.341491175380607], "dev_Lemmas": [1.699017641757449, 3.0988075583833092], "dev_MLAS": [1.8068812612243441, 2.8741402269875675], "dev_UAS": [1.6131671631679363, 3.397952906206288], "dev_UPOS": [1.5122412330533093, 4.153233401740021]}, "tr": {"dev_BLEX": [1.845988843951208, 2.8491333444141267], "dev_CLAS": [1.8302065880954206, 2.9612891674547823], "dev_LAS": [1.823040863763238, 2.932065408128229], "dev_Lemmas": [1.681843595774765, 3.3037209166940746], "dev_MLAS": [1.792537220908304, 2.9044241877830754], "dev_UAS": [1.8621914314429608, 2.727932507972427], "dev_UPOS": [1.5829861472701516, 3.7743413904937646]}, "vi": {"dev_BLEX": [1.780399665878545, 2.1051927314235286], "dev_CLAS": [1.783568420413658, 2.115962526158693], "dev_LAS": [1.749592082107494, 2.0393103774119754], "dev_Lemmas": [1.7499957862734512, 6.0290770373770535], "dev_MLAS": [1.8237394580850017, 2.0251163650013], "dev_UAS": [1.7432105898859067, 1.9883684124565306], "dev_UPOS": [1.7326933135459601, 2.4583170806189742]}, "zh": {"dev_BLEX": [1.643791881609934, 2.9586902122892935], "dev_CLAS": [1.6430672527142423, 2.9635956517319544], "dev_LAS": [1.6350445946414207, 2.9799564823806994], "dev_Lemmas": [1.496587940839194, 25.966882240416794], "dev_MLAS": [1.7102180593644143, 2.9302783006400963], "dev_UAS": [1.5850152445895673, 3.080161955542688], "dev_UPOS": [1.732148731962599, 2.3411585775017136]}}